{
  "name": "Level 3",
  "description": "Level 3 Desciption",
  "currentFloor": 0,
  "width": 8,
  "height": 10,
  "floors": [

    {
      "name": "Floor 1",
      "map": [
        ["#","#","#","#","#","#","#","#"],
        ["#","l","l","#","#","#","#","#"],
        ["#","l","l","#","#","#","#","#"],
        ["#","-","-","-","#","-","-","#"],
        ["#","-","#","-","#","b","-","#"],
        ["#","-","-","-","-","b","-","#"],
        ["#","-","#","-","#","b",".","#"],
        ["#","-","-","-","#","-","-","#"],
        ["#","#","#","#","#","@","-","#"],
        [" "," "," "," ","#","#","#","#"]
      ]
    },

    {
      "name": "Floor 2",
      "map": [
        ["#","#","#","#","#","#","#","#"],
        ["#"," "," ","#","#","#","#","#"],
        ["#"," "," ","#","#","#","#","#"],
        ["#","-","-","-","#","-","-","#"],
        ["#","-","#","-","#","-","-","#"],
        ["#","-","#","-","-","-",".","#"],
        ["#","-","#","-","#","-","-","#"],
        ["#","-","-","-","#","-","-","#"],
        ["#","#","#","#","#","-","-","#"],
        [" "," "," "," ","#","#","#","#"]
      ]
    },

    {
      "name": "Floor 3",
      "map": [
        ["#","#","#","#","#","#","#","#"],
        ["#"," "," ","-","#","#","#","#"],
        ["#"," "," ","-","#","#","#","#"],
        ["#","-","-","-","#","-","-","#"],
        ["#","-","-","-","#","-","-","#"],
        ["#","-","-","-","-","-",".","#"],
        ["#","-","-","-","#","-","-","#"],
        ["#","-","-","-","#","-","-","#"],
        ["#","-","-","-","#","-","-","#"],
        ["#","#","#","#","#","#","#","#"]
      ]
    }
  ]
}
